run_id,fishery_id,time_step,legal_marked,legal_unmarked
9,56,3,3707.310187,10.572322999999999
8,56,3,4149.15781,9.438138
7,56,3,3056.617158,21.939278
6,56,3,4722.015262,20.984738
5,56,3,2154.004835,11.995163999999999
10,56,3,3952.757758,13.447937999999999
11,56,3,3540.70303,25.296968
3,56,3,0,0
4,56,3,1374.018082,20.98192
2,56,3,1073.820464,38.179535
1,56,3,2636.552099,50.447899
